Team,MatchID,Tournament,Scores,Tries,Conversions,Possession Time,Passes,Ruck_Maul,Ruck_retention,Lineout_Win_Pct,Scrum_Win_Pct,Contestable_Restart_Win_Pct,Pens_Frees Against,TurnoversConceded,Yellow_Red Cards
USA,1,2017-18_Cape_Town,12.0,2.0,0.5,267,43,3.0,0.8666666666666667,1.0,1.0,0.3333333333333333,4.0,4.0,
ARGENTINA,1,2017-18_Cape_Town,28.0,4.0,1.0,163,19,1.0,1.0,1.0,1.0,0.6666666666666666,1.0,5.0,
ARGENTINA,2,2017-18_Dubai_7s,22.0,4.0,0.25,171,22,1.0,1.0,1.0,1.0,,1.0,1.0,
USA,2,2017-18_Dubai_7s,14.0,2.0,1.0,172,28,3.0,0.9,,,0.3333333333333333,3.0,2.0,
ARGENTINA,3,2017-18_Sydney_7s,31.0,5.0,0.6,226,22,,0.8888888888888888,,1.0,0.3333333333333333,1.0,4.0,
USA,3,2017-18_Sydney_7s,10.0,2.0,0.0,224,38,,1.0,0.5,1.0,,1.0,9.0,1.0
USA,4,2018_Hamilton_7s,31.0,5.0,0.6,182,12,1.0,0.8333333333333334,0.5,,0.3333333333333333,1.0,5.0,
ARGENTINA,4,2018_Hamilton_7s,12.0,2.0,0.5,144,21,,1.0,,1.0,0.5,2.0,3.0,1.0
USA,5,2018_Hong_Kong,12.0,2.0,0.5,314,38,,1.0,1.0,1.0,0.3333333333333333,1.0,5.0,
ARGENTINA,5,2018_Hong_Kong,14.0,2.0,1.0,143,12,1.0,0.875,,1.0,0.5,4.0,4.0,1.0
USA,6,2018_Hong_Kong,31.0,5.0,0.6,199,28,,1.0,1.0,1.0,0.6666666666666666,2.0,1.0,
ARGENTINA,6,2018_Hong_Kong,17.0,3.0,0.3333333333333333,151,18,1.0,0.8,,,0.25,2.0,4.0,
USA,7,2018_Las_Vegas,28.0,4.0,1.0,254,39,,1.0,1.0,,0.3333333333333333,2.0,6.0,
ARGENTINA,7,2018_Las_Vegas,,,,149,26,4.0,0.5454545454545454,,1.0,,4.0,7.0,
USA,8,2017-18_Cape_Town,31.0,5.0,0.6,269,36,,0.9166666666666666,1.0,1.0,0.5,1.0,5.0,1.0
AUSTRALIA,8,2017-18_Cape_Town,14.0,2.0,1.0,162,20,1.0,1.0,1.0,1.0,,3.0,2.0,
AUSTRALIA,9,2017-18_Sydney_7s,26.0,4.0,0.75,196,21,1.0,0.9166666666666666,0.5,1.0,0.2,1.0,3.0,
USA,9,2017-18_Sydney_7s,19.0,3.0,0.6666666666666666,225,40,2.0,0.8,,,0.5,4.0,6.0,
USA,10,2018_Las_Vegas,28.0,4.0,1.0,286,40,2.0,0.8125,1.0,,0.5,2.0,6.0,
AUSTRALIA,10,2018_Las_Vegas,7.0,1.0,1.0,143,24,3.0,0.7142857142857143,1.0,1.0,,5.0,3.0,
AUSTRALIA,11,2018_Vancouver_7s,31.0,5.0,0.6,153,16,,1.0,1.0,1.0,0.5,1.0,2.0,1.0
USA,11,2018_Vancouver_7s,21.0,3.0,1.0,228,36,,1.0,1.0,1.0,0.3333333333333333,2.0,2.0,1.0
USA,12,2017-18_Dubai_7s,5.0,1.0,0.0,220,52,4.0,0.9166666666666666,1.0,1.0,0.5,6.0,8.0,
CANADA,12,2017-18_Dubai_7s,10.0,2.0,0.0,408,72,2.0,0.9375,1.0,1.0,0.5,2.0,3.0,
USA,13,2017-18_Sydney_7s,40.0,6.0,0.8333333333333334,180,19,2.0,1.0,1.0,,0.5714285714285714,2.0,1.0,
CANADA,13,2017-18_Sydney_7s,19.0,3.0,0.6666666666666666,160,20,1.0,0.8888888888888888,1.0,,0.25,1.0,2.0,1.0
USA,14,2018_Hamilton_7s,28.0,4.0,1.0,221,27,2.0,1.0,1.0,1.0,0.4,3.0,7.0,
CANADA,14,2018_Hamilton_7s,14.0,2.0,1.0,168,20,2.0,0.7692307692307693,,1.0,0.5,3.0,4.0,1.0
USA,15,2018_Vancouver_7s,28.0,4.0,1.0,200,30,3.0,0.7142857142857143,1.0,,0.6666666666666666,3.0,5.0,
CANADA,15,2018_Vancouver_7s,21.0,3.0,1.0,271,36,3.0,0.8888888888888888,1.0,1.0,0.25,3.0,2.0,
ENGLAND,16,2018_Las_Vegas,12.0,2.0,0.5,180,24,3.0,0.6363636363636364,1.0,1.0,,4.0,4.0,
USA,16,2018_Las_Vegas,17.0,3.0,0.3333333333333333,243,32,4.0,0.6428571428571429,1.0,,0.25,6.0,5.0,
USA,17,2017-18_Cape_Town,12.0,2.0,0.5,190,36,2.0,0.75,0.5,1.0,1.0,3.0,10.0,
FIJI,17,2017-18_Cape_Town,26.0,4.0,0.75,227,33,,0.6666666666666666,,1.0,,,2.0,
USA,18,2017-18_Sydney_7s,24.0,4.0,0.5,289,54,1.0,0.9166666666666666,1.0,1.0,1.0,3.0,3.0,
FIJI,18,2017-18_Sydney_7s,7.0,1.0,1.0,112,14,,1.0,0.5,1.0,,4.0,6.0,
USA,19,2018_Las_Vegas,19.0,3.0,0.6666666666666666,247,42,1.0,1.0,1.0,1.0,0.6666666666666666,1.0,7.0,
FIJI,19,2018_Las_Vegas,7.0,1.0,1.0,115,17,,0.8,1.0,1.0,,4.0,4.0,1.0
USA,20,2017-18_Cape_Town,29.0,5.0,0.4,288,55,,1.0,1.0,,0.75,,1.0,
FRANCE,20,2017-18_Cape_Town,12.0,2.0,0.5,134,18,2.0,1.0,,,0.5,5.0,,2.0
FRANCE,21,2018_Hong_Kong,24.0,4.0,0.5,220,28,1.0,0.6666666666666666,,1.0,0.5,2.0,4.0,1.0
USA,21,2018_Hong_Kong,24.0,4.0,0.5,207,31,,1.0,1.0,1.0,0.3333333333333333,,5.0,
USA,22,2018_Hamilton_7s,19.0,3.0,0.6666666666666666,195,24,2.0,0.75,1.0,1.0,1.0,3.0,5.0,
KENYA,22,2018_Hamilton_7s,19.0,3.0,0.6666666666666666,197,20,1.0,0.8333333333333334,1.0,1.0,,2.0,1.0,1.0
KENYA,23,2018_Vancouver_7s,24.0,4.0,0.5,182,27,2.0,0.75,,1.0,0.3333333333333333,2.0,4.0,
USA,23,2018_Vancouver_7s,19.0,3.0,0.6666666666666666,281,60,,0.9090909090909091,1.0,1.0,0.5,,6.0,
NEW ZEALAND,24,2017-18_Cape_Town,,,,157,35,3.0,0.8571428571428571,,,,4.0,6.0,1.0
USA,24,2017-18_Cape_Town,22.0,4.0,0.25,282,47,3.0,0.9444444444444444,1.0,1.0,,4.0,1.0,
NEW ZEALAND,25,2017-18_Dubai_7s,22.0,4.0,0.25,195,33,2.0,0.8571428571428571,,,0.3333333333333333,4.0,3.0,
USA,25,2017-18_Dubai_7s,12.0,2.0,0.5,207,37,1.0,0.9090909090909091,,,0.6666666666666666,1.0,6.0,
NEW ZEALAND,26,2018_Hong_Kong,35.0,5.0,1.0,208,31,2.0,1.0,,1.0,0.2,4.0,3.0,
USA,26,2018_Hong_Kong,7.0,1.0,1.0,190,32,2.0,0.8181818181818182,1.0,1.0,,2.0,7.0,
NEW ZEALAND,27,2018_Vancouver_7s,,,,187,35,2.0,0.7,1.0,1.0,,4.0,5.0,1.0
USA,27,2018_Vancouver_7s,17.0,3.0,0.3333333333333333,273,45,1.0,0.8461538461538461,1.0,,0.6666666666666666,1.0,5.0,
USA,28,2018_Hamilton_7s,42.0,6.0,1.0,211,27,,0.6666666666666666,1.0,,0.3333333333333333,3.0,3.0,
PNG,28,2018_Hamilton_7s,12.0,2.0,0.5,152,22,1.0,0.6,,1.0,,2.0,3.0,1.0
SAMOA,29,2017-18_Dubai_7s,26.0,4.0,0.75,227,39,,1.0,1.0,1.0,0.25,,1.0,
USA,29,2017-18_Dubai_7s,14.0,2.0,1.0,149,16,4.0,0.75,,,0.3333333333333333,6.0,4.0,
SAMOA,30,2018_Hamilton_7s,14.0,2.0,1.0,184,16,3.0,0.75,0.6,1.0,,3.0,7.0,
USA,30,2018_Hamilton_7s,10.0,2.0,0.0,218,35,5.0,0.5714285714285714,,1.0,0.3333333333333333,6.0,7.0,
SAMOA,31,2018_Las_Vegas,12.0,2.0,0.5,92,7,1.0,1.0,,1.0,,4.0,4.0,2.0
USA,31,2018_Las_Vegas,26.0,4.0,0.75,263,42,1.0,0.9166666666666666,0.75,1.0,0.5,4.0,2.0,
SCOTLAND,32,2017-18_Sydney_7s,12.0,2.0,0.5,176,30,,1.0,1.0,1.0,0.3333333333333333,2.0,1.0,
USA,32,2017-18_Sydney_7s,26.0,4.0,0.75,225,34,2.0,0.875,1.0,1.0,0.75,4.0,1.0,1.0
SCOTLAND,33,2018_Hong_Kong,15.0,3.0,0.0,172,27,4.0,0.8888888888888888,1.0,1.0,1.0,6.0,4.0,
USA,33,2018_Hong_Kong,19.0,3.0,0.6666666666666666,255,48,3.0,0.9375,1.0,,0.3333333333333333,3.0,3.0,
SOUTH AFRICA,34,2017-18_Sydney_7s,35.0,5.0,1.0,238,26,3.0,0.7142857142857143,1.0,1.0,0.6,6.0,3.0,
USA,34,2017-18_Sydney_7s,7.0,1.0,1.0,168,28,2.0,0.7272727272727273,1.0,,1.0,3.0,6.0,
SOUTH AFRICA,35,2018_Vancouver_7s,29.0,5.0,0.4,223,33,1.0,1.0,,,0.4,2.0,6.0,
USA,35,2018_Vancouver_7s,7.0,1.0,1.0,208,40,3.0,0.8666666666666667,1.0,1.0,,3.0,4.0,
USA,36,2017-18_Cape_Town,26.0,4.0,0.75,210,29,4.0,1.0,1.0,1.0,0.5,5.0,6.0,
SPAIN,36,2017-18_Cape_Town,5.0,1.0,0.0,164,23,1.0,0.75,1.0,1.0,0.5,3.0,6.0,1.0
SPAIN,37,2018_Hamilton_7s,12.0,2.0,0.5,173,20,2.0,0.625,,1.0,,6.0,5.0,
USA,37,2018_Hamilton_7s,29.0,5.0,0.4,238,31,1.0,0.7777777777777778,1.0,1.0,0.5,2.0,6.0,
SPAIN,38,2018_Las_Vegas,17.0,3.0,0.3333333333333333,195,22,2.0,0.8461538461538461,1.0,1.0,0.3333333333333333,3.0,4.0,
USA,38,2018_Las_Vegas,28.0,4.0,1.0,222,35,2.0,1.0,1.0,,0.25,5.0,3.0,
URUGUAY,39,2018_Vancouver_7s,,,,197,23,1.0,0.8461538461538461,0.5,1.0,,3.0,7.0,1.0
USA,39,2018_Vancouver_7s,45.0,7.0,0.7142857142857143,238,27,2.0,0.75,1.0,1.0,0.5,5.0,4.0,
WALES,40,2017-18_Dubai_7s,29.0,5.0,0.4,223,47,4.0,0.6666666666666666,,,0.4,6.0,2.0,
USA,40,2017-18_Dubai_7s,21.0,3.0,1.0,231,42,,1.0,1.0,,,2.0,3.0,
USA,41,2018_Hong_Kong,47.0,7.0,0.8571428571428571,310,35,3.0,0.9,1.0,1.0,0.5,4.0,2.0,
WALES,41,2018_Hong_Kong,5.0,1.0,0.0,159,20,3.0,0.7857142857142857,,,,3.0,6.0,
USA,Match_18_USA_vs_Australia,2015_Cape_Town,21,3,1.0,204,34,4,0.75,1.0,1.0,,5,2,
AUSTRALIA,Match_18_USA_vs_Australia,2015_Cape_Town,26,4,0.75,154,20,4,0.6666666666666666,0.6666666666666666,,0.5,5,1,1
USA,Match_1_USA_vs_Wales,2015_Cape_Town,26,4,0.75,187,39,,1.0,,1.0,0.25,2,9,
WALES,Match_1_USA_vs_Wales,2015_Cape_Town,19,3,0.6666666666666666,161,22,2,0.75,1.0,1.0,,3,5,
KENYA,Match_32_Kenya_vs_USA,2015_Cape_Town,26,4,0.75,225,26,1,0.8,1.0,1.0,0.5,1,4,
USA,Match_32_Kenya_vs_USA,2015_Cape_Town,10,2,0.0,113,21,4,0.25,,1.0,0.6666666666666666,5,3,
NEW ZEALAND,Match_38_New_Zealand_vs_USA,2015_Cape_Town,14,2,1.0,96,8,3,0.6666666666666666,1.0,1.0,,3,2,
USA,Match_38_New_Zealand_vs_USA,2015_Cape_Town,28,4,1.0,302,59,,0.9166666666666666,1.0,,0.75,1,5,
FIJI,Match_43_Fiji_vs_USA,2015_Cape_Town,29,5,0.4,186,20,2,0.6666666666666666,1.0,1.0,,2,4,
USA,Match_43_Fiji_vs_USA,2015_Cape_Town,19,3,0.6666666666666666,241,45,1,0.875,,1.0,0.6666666666666666,1,10,
USA,Match_9_USA_vs_Portugal,2015_Cape_Town,52,8,0.75,222,30,4,0.8571428571428571,,1.0,0.5,6,,1
PORTUGAL,Match_9_USA_vs_Portugal,2015_Cape_Town,7,1,1.0,130,11,2,0.7777777777777778,,,,2,6,
USA,Match_14_USA_vs_France,2015_Dubai,21,3,1.0,156,37,2,1.0,,,0.25,4,,
FRANCE,Match_14_USA_vs_France,2015_Dubai,26,4,0.75,200,33,1,0.8888888888888888,1.0,,0.75,1,1,
NEW ZEALAND,Match_22_New_Zealand_vs_USA,2015_Dubai,12,2,0.5,239,32,4,0.7692307692307693,1.0,1.0,,4,,
USA,Match_22_New_Zealand_vs_USA,2015_Dubai,14,2,1.0,131,11,4,0.6,1.0,,0.5,6,4,1
SOUTH AFRICA,Match_32_South_Africa_vs_USA,2015_Dubai,19,3,0.6666666666666666,205,33,4,0.8181818181818182,,,,6,2,1
USA,Match_32_South_Africa_vs_USA,2015_Dubai,21,3,1.0,198,33,,0.75,1.0,0.5,0.25,,3,
ENGLAND,Match_40_England_vs_USA,2015_Dubai,24,4,0.5,181,24,3,0.7,1.0,1.0,0.5,4,,
USA,Match_40_England_vs_USA,2015_Dubai,19,3,0.6666666666666666,202,36,5,0.5,,1.0,0.6666666666666666,6,3,
NEW ZEALAND,Match_44_New_Zealand_vs_USA,2015_Dubai,12,2,0.5,167,19,3,0.8181818181818182,1.0,1.0,,5,1,1
USA,Match_44_New_Zealand_vs_USA,2015_Dubai,31,5,0.6,225,40,4,0.8888888888888888,1.0,1.0,0.6,5,2,
USA,Match_6_USA_vs_Portugal,2015_Dubai,45,7,0.7142857142857143,232,35,3,1.0,,1.0,0.5714285714285714,4,2,
PORTUGAL,Match_6_USA_vs_Portugal,2015_Dubai,14,2,1.0,144,19,,0.8,,1.0,0.3333333333333333,,2,
SOUTH AFRICA,Match_16_South_Africa_vs_USA,2016_Cape_Town,28,4,1.0,104,9,3,0.5,,1.0,,3,2,
USA,Match_16_South_Africa_vs_USA,2016_Cape_Town,10,2,0.0,248,41,3,0.7857142857142857,1.0,1.0,0.6666666666666666,3,6,
USA,Match_23_USA_vs_Russia,2016_Cape_Town,26,4,0.75,206,29,2,1.0,,1.0,0.4,3,7,1
RUSSIA,Match_23_USA_vs_Russia,2016_Cape_Town,17,3,0.3333333333333333,175,23,1,1.0,0.5,1.0,,1,2,
SCOTLAND,Match_31_Scotland_vs_USA,2016_Cape_Town,24,4,0.5,158,51,2,0.75,,1.0,0.2,3,5,
USA,Match_31_Scotland_vs_USA,2016_Cape_Town,19,3,0.6666666666666666,247,71,3,0.75,1.0,,0.6666666666666666,6,7,
USA,Match_38_USA_vs_Fiji,2016_Cape_Town,12,2,0.5,176,19,1,0.8,,1.0,,2,6,
FIJI,Match_38_USA_vs_Fiji,2016_Cape_Town,28,4,1.0,224,34,1,1.0,1.0,1.0,0.4,1,3,
AUSTRALIA,Match_7_Australia_vs_USA,2016_Cape_Town,,,,224,36,3,0.7,1.0,1.0,,4,8,
USA,Match_7_Australia_vs_USA,2016_Cape_Town,19,3,0.6666666666666666,198,28,1,0.8,,1.0,0.5,2,6,
USA,Match_11_USA_vs_Uganda,2016_Dubai,29,5,0.4,257,44,1,0.75,1.0,,0.6666666666666666,1,5,
UGANDA,Match_11_USA_vs_Uganda,2016_Dubai,7,1,1.0,149,19,3,0.6,,1.0,,4,1,
SOUTH AFRICA,Match_20_South_Africa_vs_USA,2016_Dubai,19,3,0.6666666666666666,139,14,2,0.6666666666666666,1.0,1.0,,3,1,
USA,Match_20_South_Africa_vs_USA,2016_Dubai,17,3,0.3333333333333333,238,44,1,0.8333333333333334,1.0,,,2,3,
USA,Match_28_USA_vs_Russia,2016_Dubai,40,6,0.8333333333333334,205,20,4,1.0,0.5,1.0,0.5714285714285714,5,2,
RUSSIA,Match_28_USA_vs_Russia,2016_Dubai,5,1,0.0,225,35,2,0.7692307692307693,1.0,1.0,,3,2,
KENYA,Match_36_Kenya_vs_USA,2016_Dubai,19,3,0.6666666666666666,228,38,2,1.0,1.0,1.0,0.5,3,3,
USA,Match_36_Kenya_vs_USA,2016_Dubai,21,3,1.0,216,40,2,0.8,1.0,,0.5,3,1,
USA,Match_3_USA_vs_Scotland,2016_Dubai,5,1,0.0,163,32,2,1.0,1.0,1.0,,3,3,
SCOTLAND,Match_3_USA_vs_Scotland,2016_Dubai,14,2,1.0,291,45,3,0.8181818181818182,1.0,1.0,0.5,4,1,
SAMOA,Match_42_Samoa_vs_USA,2016_Dubai,14,2,1.0,128,19,,0.6666666666666666,1.0,,0.5,1,4,
USA,Match_42_Samoa_vs_USA,2016_Dubai,28,4,1.0,233,38,4,0.6,,1.0,0.4,4,2,
USA,Match_13_USA_vs_Argentina,2016_Hong_Kong,26,4,0.75,235,40,1,0.8,1.0,1.0,0.5,1,2,1
ARGENTINA,Match_13_USA_vs_Argentina,2016_Hong_Kong,14,2,1.0,168,28,1,1.0,1.0,,0.3333333333333333,1,5,
AUSTRALIA,Match_22_Australia_vs_USA,2016_Hong_Kong,7,1,1.0,104,15,4,0.7142857142857143,,1.0,,4,4,
USA,Match_22_Australia_vs_USA,2016_Hong_Kong,22,4,0.25,251,53,1,0.9166666666666666,1.0,1.0,0.3333333333333333,2,2,
USA,Match_30_USA_vs_South_Africa,2016_Hong_Kong,,,,244,43,3,0.8461538461538461,1.0,1.0,,3,8,
SOUTH AFRICA,Match_30_USA_vs_South_Africa,2016_Hong_Kong,28,4,1.0,133,13,3,0.8,1.0,1.0,,5,3,
WALES,Match_37_Wales_vs_USA,2016_Hong_Kong,,,,121,16,2,0.7142857142857143,,1.0,1.0,2,2,
USA,Match_37_Wales_vs_USA,2016_Hong_Kong,27,5,0.2,262,52,2,1.0,1.0,,0.6666666666666666,2,3,
USA,Match_3_USA_vs_Portugal,2016_Hong_Kong,21,3,1.0,310,68,,1.0,,1.0,0.5,1,7,
PORTUGAL,Match_3_USA_vs_Portugal,2016_Hong_Kong,5,1,0.0,163,29,3,0.7777777777777778,,1.0,,4,5,
USA,Match_43_USA_vs_England,2016_Hong_Kong,,,,171,30,2,0.8333333333333334,0.5,1.0,,2,7,
ENGLAND,Match_43_USA_vs_England,2016_Hong_Kong,19,3,0.6666666666666666,190,23,,1.0,0.5,1.0,0.6666666666666666,,5,
USA,Match_11_USA_vs_Canada,2016_Las_Vegas,26,4,0.75,104,11,2,0.5,,1.0,0.5,2,3,
CANADA,Match_11_USA_vs_Canada,2016_Las_Vegas,26,4,0.75,264,42,1,0.9090909090909091,,1.0,0.4,1,6,
SOUTH AFRICA,Match_24_South_Africa_vs_USA,2016_Las_Vegas,29,5,0.4,207,35,1,0.9090909090909091,0.6666666666666666,1.0,0.3333333333333333,3,2,
USA,Match_24_South_Africa_vs_USA,2016_Las_Vegas,,,,140,18,3,0.6666666666666666,1.0,,,3,3,
KENYA,Match_29_Kenya_vs_USA,2016_Las_Vegas,14,2,1.0,253,23,6,0.75,,1.0,,7,3,
USA,Match_29_Kenya_vs_USA,2016_Las_Vegas,26,4,0.75,302,39,4,0.9,0.6666666666666666,,,4,4,
USA,Match_39_USA_vs_Fiji,2016_Las_Vegas,14,2,1.0,243,36,1,0.8,,1.0,,1,5,
FIJI,Match_39_USA_vs_Fiji,2016_Las_Vegas,21,3,1.0,164,21,2,0.75,,1.0,,6,4,2
USA,Match_44_USA_vs_South_Africa,2016_Las_Vegas,10,2,0.0,242,34,4,0.9166666666666666,1.0,1.0,,4,6,
SOUTH AFRICA,Match_44_USA_vs_South_Africa,2016_Las_Vegas,21,3,1.0,166,18,5,0.7777777777777778,1.0,1.0,,6,2,1
USA,Match_4_USA_vs_Wales,2016_Las_Vegas,19,3,0.6666666666666666,219,37,2,1.0,1.0,1.0,0.25,2,8,
WALES,Match_4_USA_vs_Wales,2016_Las_Vegas,12,2,0.5,183,23,6,0.5,1.0,1.0,0.5,6,3,
SOUTH AFRICA,Match_12_South_Africa_vs_USA,2016_London,14,2,1.0,124,15,2,1.0,0.25,1.0,,2,4,
USA,Match_12_South_Africa_vs_USA,2016_London,10,2,0.0,159,23,2,0.8333333333333334,1.0,1.0,0.5,4,4,
USA,Match_19_USA_vs_Canada,2016_London,12,2,0.5,273,54,1,0.8571428571428571,1.0,1.0,0.5,2,4,
CANADA,Match_19_USA_vs_Canada,2016_London,12,2,0.5,207,17,5,0.6923076923076923,1.0,1.0,,5,1,
NEW ZEALAND,Match_31_New_Zealand_vs_USA,2016_London,14,2,1.0,144,13,1,0.7142857142857143,1.0,,,1,1,
USA,Match_31_New_Zealand_vs_USA,2016_London,42,6,1.0,231,50,1,1.0,1.0,1.0,0.4,1,1,
SAMOA,Match_3_Samoa_vs_USA,2016_London,5,1,0.0,218,32,4,0.75,1.0,1.0,,4,6,
USA,Match_3_Samoa_vs_USA,2016_London,12,2,0.5,147,26,2,0.6,1.0,1.0,,3,8,
USA,Match_40_USA_vs_Scotland,2016_London,17,3,0.3333333333333333,165,29,2,0.8,,1.0,0.6666666666666666,2,2,
SCOTLAND,Match_40_USA_vs_Scotland,2016_London,24,4,0.5,232,45,,1.0,,1.0,0.3333333333333333,,4,
FIJI,Match_44_Fiji_vs_USA,2016_London,19,3,0.6666666666666666,130,22,,0.6666666666666666,,0.5,,2,,
USA,Match_44_Fiji_vs_USA,2016_London,26,4,0.75,163,24,1,0.75,1.0,1.0,0.75,1,6,
FRANCE,Match_14_France_vs_USA,2016_Paris,24,4,0.5,193,33,2,0.875,,0.6666666666666666,0.5,4,3,
USA,Match_14_France_vs_USA,2016_Paris,12,2,0.5,227,44,1,0.8888888888888888,,1.0,0.3333333333333333,1,6,
USA,Match_21_USA_vs_Canada,2016_Paris,33,5,0.8,263,48,1,1.0,,1.0,0.42857142857142855,2,4,
CANADA,Match_21_USA_vs_Canada,2016_Paris,12,2,0.5,197,24,1,0.9090909090909091,,0.5,,1,1,
USA,Match_27_USA_vs_Portugal,2016_Paris,19,3,0.6666666666666666,181,24,2,0.75,0.6666666666666666,1.0,0.3333333333333333,5,6,1
PORTUGAL,Match_27_USA_vs_Portugal,2016_Paris,17,3,0.3333333333333333,195,18,3,0.8,,0.3333333333333333,0.5,4,3,
USA,Match_36_USA_vs_Scotland,2016_Paris,12,2,0.5,290,54,4,0.875,,1.0,,5,6,
SCOTLAND,Match_36_USA_vs_Scotland,2016_Paris,14,2,1.0,176,27,4,0.6666666666666666,,1.0,,6,1,
ARGENTINA,Match_5_Argentina_vs_USA,2016_Paris,36,6,0.5,183,22,3,1.0,,1.0,0.2,6,2,
USA,Match_5_Argentina_vs_USA,2016_Paris,,,,224,45,2,0.75,1.0,1.0,,3,8,
USA,Match_12_USA_vs_France,2016_Singapore,17,3,0.3333333333333333,171,26,1,0.8,1.0,1.0,0.25,1,1,
FRANCE,Match_12_USA_vs_France,2016_Singapore,19,3,0.6666666666666666,165,17,1,1.0,1.0,,0.5,2,3,
NEW ZEALAND,Match_20_New_Zealand_vs_USA,2016_Singapore,19,3,0.6666666666666666,164,12,,0.6,1.0,1.0,0.5,2,4,
USA,Match_20_New_Zealand_vs_USA,2016_Singapore,12,2,0.5,221,44,3,0.8,,1.0,0.3333333333333333,3,3,
USA,Match_28_USA_vs_Russia,2016_Singapore,24,4,0.5,304,82,2,0.8571428571428571,1.0,1.0,0.6666666666666666,3,,
RUSSIA,Match_28_USA_vs_Russia,2016_Singapore,5,1,0.0,86,15,1,0.8,0.5,,,2,1,
PORTUGAL,Match_36_Portugal_vs_USA,2016_Singapore,,,,133,21,3,0.75,0.5,1.0,,3,3,
USA,Match_36_Portugal_vs_USA,2016_Singapore,26,4,0.75,263,43,2,0.8181818181818182,1.0,1.0,0.5,2,6,
SCOTLAND,Match_42_Scotland_vs_USA,2016_Singapore,14,2,1.0,150,31,3,0.6666666666666666,,1.0,,4,6,
USA,Match_42_Scotland_vs_USA,2016_Singapore,10,2,0.0,297,57,2,1.0,1.0,1.0,0.5,2,7,
USA,Match_4_USA_vs_Canada,2016_Singapore,36,6,0.5,188,26,1,0.75,1.0,1.0,0.6666666666666666,2,4,
CANADA,Match_4_USA_vs_Canada,2016_Singapore,14,2,1.0,175,27,1,0.6666666666666666,,1.0,0.3333333333333333,1,4,
USA,Match_14_USA_vs_Japan,2016_Sydney,33,5,0.8,235,33,4,0.5555555555555556,1.0,1.0,0.3333333333333333,4,2,
JAPAN,Match_14_USA_vs_Japan,2016_Sydney,17,3,0.3333333333333333,170,28,,0.8333333333333334,1.0,,,,5,
ENGLAND,Match_22_England_vs_USA,2016_Sydney,17,3,0.3333333333333333,149,22,,1.0,1.0,1.0,,,1,
USA,Match_22_England_vs_USA,2016_Sydney,14,2,1.0,263,50,2,0.7142857142857143,1.0,,,2,3,
NEW ZEALAND,Match_29_New_Zealand_vs_USA,2016_Sydney,24,4,0.5,175,22,5,0.8888888888888888,1.0,1.0,,6,2,1
USA,Match_29_New_Zealand_vs_USA,2016_Sydney,7,1,1.0,281,56,1,0.8666666666666667,1.0,,,2,7,1
USA,Match_37_USA_vs_Kenya,2016_Sydney,21,3,1.0,199,35,1,0.8571428571428571,,,0.5,4,6,
KENYA,Match_37_USA_vs_Kenya,2016_Sydney,24,4,0.5,209,29,4,0.5714285714285714,1.0,1.0,0.75,4,1,
USA,Match_6_USA_vs_Wales,2016_Sydney,42,6,1.0,228,29,3,0.8333333333333334,1.0,,,4,2,
WALES,Match_6_USA_vs_Wales,2016_Sydney,,,,207,32,3,0.6153846153846154,,1.0,,4,6,
USA,Match_13_USA_vs_England,2016_Vancouver,17,3,0.3333333333333333,294,54,2,0.9166666666666666,,1.0,0.75,3,4,
ENGLAND,Match_13_USA_vs_England,2016_Vancouver,12,2,0.5,145,21,5,0.5714285714285714,1.0,0.75,,5,2,
USA,Match_22_USA_vs_New_Zealand,2016_Vancouver,5,1,0.0,414,71,1,0.7391304347826086,1.0,1.0,,1,3,
NEW ZEALAND,Match_22_USA_vs_New_Zealand,2016_Vancouver,17,3,0.3333333333333333,120,18,4,,1.0,1.0,,5,4,
FIJI,Match_29_Fiji_vs_USA,2016_Vancouver,31,5,0.6,180,39,2,0.5,1.0,,,4,4,1
USA,Match_29_Fiji_vs_USA,2016_Vancouver,26,4,0.75,296,54,3,0.7142857142857143,,1.0,0.4,5,6,
USA,Match_37_USA_vs_Wales,2016_Vancouver,38,6,0.6666666666666666,237,33,1,0.8333333333333334,1.0,1.0,0.5,3,3,
WALES,Match_37_USA_vs_Wales,2016_Vancouver,12,2,0.5,166,19,1,0.625,1.0,1.0,,1,1,
USA,Match_43_USA_vs_Samoa,2016_Vancouver,19,3,0.6666666666666666,220,41,,0.7777777777777778,,1.0,,,4,
SAMOA,Match_43_USA_vs_Samoa,2016_Vancouver,31,5,0.6,191,35,1,0.3333333333333333,1.0,1.0,0.5,2,2,
USA,Match_5_USA_vs_France,2016_Vancouver,42,6,1.0,269,46,2,0.8666666666666667,,1.0,0.6,4,4,
FRANCE,Match_5_USA_vs_France,2016_Vancouver,14,2,1.0,146,25,1,0.7142857142857143,1.0,1.0,0.3333333333333333,1,6,
USA,Match_10_USA_vs_England,2016_Wellington,5,1,0.0,218,46,2,1.0,1.0,,,2,6,
ENGLAND,Match_10_USA_vs_England,2016_Wellington,19,3,0.6666666666666666,279,52,4,0.75,1.0,1.0,0.6666666666666666,4,3,
FRANCE,Match_18_France_vs_USA,2016_Wellington,21,3,1.0,202,29,3,0.8333333333333334,1.0,1.0,1.0,3,3,1
USA,Match_18_France_vs_USA,2016_Wellington,29,5,0.4,215,37,2,1.0,1.0,,,2,2,
USA,Match_2_USA_vs_Samoa,2016_Wellington,24,4,0.5,240,42,2,0.8461538461538461,1.0,1.0,,5,5,
SAMOA,Match_2_USA_vs_Samoa,2016_Wellington,20,3,0.8333333333333334,151,27,2,0.8,,1.0,0.2,3,6,
FIJI,Match_32_Fiji_vs_USA,2016_Wellington,21,3,1.0,215,37,4,0.8,,1.0,0.5,5,5,
USA,Match_32_Fiji_vs_USA,2016_Wellington,12,2,0.5,291,51,,0.8666666666666667,1.0,1.0,,,5,
AUSTRALIA,Match_38_Australia_vs_USA,2016_Wellington,17,3,0.3333333333333333,175,27,6,0.9166666666666666,0.75,,,6,,
USA,Match_38_Australia_vs_USA,2016_Wellington,5,1,0.0,227,43,6,0.7,1.0,,,7,1,
USA,Match_12_USA_vs_Scotland,2017_Hong_Kong,19,3,0.6666666666666666,137,21,3,1.0,1.0,1.0,0.3333333333333333,3,8,
SCOTLAND,Match_12_USA_vs_Scotland,2017_Hong_Kong,14,2,1.0,274,50,2,0.8571428571428571,,1.0,0.3333333333333333,4,4,
USA,Match_20_USA_vs_Argentina,2017_Hong_Kong,33,5,0.8,172,29,3,1.0,1.0,1.0,0.25,4,4,
ARGENTINA,Match_20_USA_vs_Argentina,2017_Hong_Kong,5,1,0.0,191,31,1,0.9375,1.0,1.0,,2,3,
USA,Match_31_USA_vs_England,2017_Hong_Kong,27,5,0.2,248,42,3,1.0,1.0,1.0,,3,3,
ENGLAND,Match_31_USA_vs_England,2017_Hong_Kong,7,1,1.0,266,36,1,0.9090909090909091,1.0,1.0,,2,5,
USA,Match_40_USA_vs_South_Africa,2017_Hong_Kong,24,4,0.5,205,53,2,1.0,,1.0,0.3333333333333333,4,4,
SOUTH AFRICA,Match_40_USA_vs_South_Africa,2017_Hong_Kong,29,5,0.4,220,44,,0.9166666666666666,,1.0,2.0,1,3,
AUSTRALIA,Match_44_Australia_vs_USA,2017_Hong_Kong,26,4,0.75,229,33,2,0.7272727272727273,1.0,,0.5,4,,
USA,Match_44_Australia_vs_USA,2017_Hong_Kong,19,3,0.6666666666666666,219,28,1,1.0,,,0.25,1,3,
USA,Match_4_USA_vs_Russia,2017_Hong_Kong,14,2,1.0,132,26,6,1.0,1.0,,0.5,6,5,
RUSSIA,Match_4_USA_vs_Russia,2017_Hong_Kong,7,1,1.0,308,52,2,0.9230769230769231,1.0,1.0,,2,1,
USA,Match_13_USA_vs_Chile,2017_Las_Vegas,31,5,0.6,219,26,2,0.8,,1.0,0.75,2,4,
CHILE,Match_13_USA_vs_Chile,2017_Las_Vegas,,,,209,25,2,0.8,1.0,0.5,,2,3,
ENGLAND,Match_22_England_vs_USA,2017_Las_Vegas,24,4,0.5,182,27,3,0.8333333333333334,,1.0,0.3333333333333333,4,1,
USA,Match_22_England_vs_USA,2017_Las_Vegas,17,3,0.3333333333333333,223,34,2,0.8888888888888888,1.0,,,3,3,
ARGENTINA,Match_30_Argentina_vs_USA,2017_Las_Vegas,19,3,0.6666666666666666,241,36,2,0.8181818181818182,0.5,,,2,,
USA,Match_30_Argentina_vs_USA,2017_Las_Vegas,21,3,1.0,153,19,3,0.5,1.0,,0.25,5,4,
SOUTH AFRICA,Match_39_South_Africa_vs_USA,2017_Las_Vegas,20,4,0.0,197,22,1,1.0,,,2.0,2,1,1
USA,Match_39_South_Africa_vs_USA,2017_Las_Vegas,17,3,0.3333333333333333,162,22,2,0.7142857142857143,,1.0,0.6666666666666666,2,1,
USA,Match_44_USA_vs_New_Zealand,2017_Las_Vegas,19,3,0.6666666666666666,224,31,2,0.875,1.0,1.0,,3,3,
NEW ZEALAND,Match_44_USA_vs_New_Zealand,2017_Las_Vegas,15,3,0.0,179,33,3,1.0,,1.0,,4,4,1
USA,Match_5_USA_vs_Samoa,2017_Las_Vegas,26,4,0.75,217,44,2,1.0,0.6666666666666666,1.0,0.5,2,2,
SAMOA,Match_5_USA_vs_Samoa,2017_Las_Vegas,5,1,0.0,142,21,2,0.9,,,0.5,3,4,
USA,Match_13_USA_vs_Kenya,2017_London,47,7,0.8571428571428571,251,38,1,0.6666666666666666,1.0,1.0,0.42857142857142855,1,2,
KENYA,Match_13_USA_vs_Kenya,2017_London,,,,147,22,3,0.625,,1.0,,3,2,
SOUTH AFRICA,Match_22_South_Africa_vs_USA,2017_London,12,2,0.5,199,34,2,0.875,,,,2,2,
USA,Match_22_South_Africa_vs_USA,2017_London,24,4,0.5,226,36,1,0.9230769230769231,0.5,1.0,,1,,
USA,Match_29_USA_vs_Australia,2017_London,31,5,0.6,261,49,2,1.0,,1.0,0.5,2,3,
AUSTRALIA,Match_29_USA_vs_Australia,2017_London,14,2,1.0,146,23,,0.8571428571428571,,1.0,,1,3,
USA,Match_39_USA_vs_Scotland,2017_London,14,2,1.0,221,46,2,0.75,1.0,1.0,0.5,2,3,
SCOTLAND,Match_39_USA_vs_Scotland,2017_London,21,3,1.0,300,51,1,0.8571428571428571,1.0,1.0,,1,2,
USA,Match_44_USA_vs_Canada,2017_London,19,3,0.6666666666666666,224,46,1,0.8888888888888888,,1.0,0.5,1,2,
CANADA,Match_44_USA_vs_Canada,2017_London,22,4,0.25,179,21,4,1.0,1.0,1.0,0.25,5,3,
USA,Match_5_USA_vs_Wales,2017_London,12,2,0.5,157,27,1,1.0,,1.0,0.3333333333333333,1,5,
WALES,Match_5_USA_vs_Wales,2017_London,28,4,1.0,221,38,4,0.875,1.0,1.0,,5,1,
USA,Match_12_USA_vs_Wales,2017_Paris,38,6,0.6666666666666666,230,31,,1.0,1.0,,0.2,1,,
WALES,Match_12_USA_vs_Wales,2017_Paris,14,2,1.0,132,20,1,1.0,,,,2,1,
USA,Match_20_USA_vs_New_Zealand,2017_Paris,14,2,1.0,198,25,1,0.9,1.0,,,1,7,
NEW ZEALAND,Match_20_USA_vs_New_Zealand,2017_Paris,27,5,0.2,255,38,2,0.875,,1.0,,2,2,
ENGLAND,Match_30_England_vs_USA,2017_Paris,26,4,0.75,232,35,2,1.0,1.0,1.0,,2,2,
USA,Match_30_England_vs_USA,2017_Paris,12,2,0.5,153,35,3,1.0,1.0,1.0,,4,3,
FIJI,Match_37_Fiji_vs_USA,2017_Paris,14,2,1.0,163,17,4,0.5,0.6666666666666666,,0.6666666666666666,6,4,2
USA,Match_37_Fiji_vs_USA,2017_Paris,24,4,0.5,226,37,3,0.6666666666666666,1.0,1.0,0.75,3,3,
USA,Match_43_USA_vs_Samoa,2017_Paris,24,4,0.5,252,48,1,0.9,1.0,1.0,0.6,2,2,1
SAMOA,Match_43_USA_vs_Samoa,2017_Paris,19,3,0.6666666666666666,163,22,1,1.0,1.0,1.0,,1,5,
USA,Match_4_USA_vs_Argentina,2017_Paris,26,4,0.75,202,32,2,0.8571428571428571,,1.0,0.8,2,1,
ARGENTINA,Match_4_USA_vs_Argentina,2017_Paris,19,3,0.6666666666666666,170,24,,1.0,1.0,,0.3333333333333333,,2,
USA,Match_16_USA_vs_Scotland,2017_Singapore,33,5,0.8,202,30,3,1.0,,1.0,0.3333333333333333,4,1,
SCOTLAND,Match_16_USA_vs_Scotland,2017_Singapore,26,4,0.75,229,39,,1.0,1.0,,0.3333333333333333,,2,
USA,Match_24_USA_vs_New_Zealand,2017_Singapore,14,2,1.0,210,37,,1.0,0.5,,,,6,
NEW ZEALAND,Match_24_USA_vs_New_Zealand,2017_Singapore,21,3,1.0,242,31,5,0.75,1.0,1.0,,5,1,
FIJI,Match_29_Fiji_vs_USA,2017_Singapore,19,3,0.6666666666666666,72,3,1,,1.0,1.0,0.3333333333333333,3,2,
USA,Match_29_Fiji_vs_USA,2017_Singapore,24,4,0.5,317,63,,0.875,1.0,1.0,0.75,,2,
USA,Match_39_USA_vs_Australia,2017_Singapore,40,6,0.8333333333333334,307,61,1,0.8333333333333334,,1.0,0.6666666666666666,1,2,
AUSTRALIA,Match_39_USA_vs_Australia,2017_Singapore,7,1,1.0,85,12,,1.0,,,,2,3,
USA,Match_45_USA_vs_Canada,2017_Singapore,19,3,0.6666666666666666,165,15,,1.0,,1.0,,,3,
CANADA,Match_45_USA_vs_Canada,2017_Singapore,26,4,0.75,251,33,3,0.875,,1.0,0.25,3,3,
USA,Match_8_USA_vs_Wales,2017_Singapore,35,5,1.0,151,21,2,1.0,,1.0,0.4,2,2,
WALES,Match_8_USA_vs_Wales,2017_Singapore,19,3,0.6666666666666666,232,50,,1.0,,1.0,0.25,,3,
CANADA,Match_10_Canada_vs_USA,2017_Sydney,19,3,0.6666666666666666,134,17,2,0.6666666666666666,,1.0,,2,,
USA,Match_10_Canada_vs_USA,2017_Sydney,31,5,0.6,282,62,,0.875,,1.0,1.0,1,5,
USA,Match_17_USA_vs_Russia,2017_Sydney,14,2,1.0,175,28,1,1.0,0.5,,0.5,2,7,1
RUSSIA,Match_17_USA_vs_Russia,2017_Sydney,17,3,0.3333333333333333,181,30,1,0.6666666666666666,1.0,1.0,0.5,1,2,
ARGENTINA,Match_1_Argentina_vs_USA,2017_Sydney,19,3,0.6666666666666666,191,24,,1.0,1.0,1.0,1.0,,5,
USA,Match_1_Argentina_vs_USA,2017_Sydney,22,4,0.25,135,21,1,1.0,,1.0,0.4,4,1,
USA,Match_31_USA_vs_South_Africa,2017_Sydney,10,2,0.0,235,35,,1.0,1.0,,,,5,
SOUTH AFRICA,Match_31_USA_vs_South_Africa,2017_Sydney,21,3,1.0,146,17,3,0.75,1.0,1.0,1.0,5,1,
USA,Match_38_USA_vs_Wales,2017_Sydney,19,3,0.6666666666666666,201,38,3,0.6666666666666666,,1.0,0.6666666666666666,4,4,
WALES,Match_38_USA_vs_Wales,2017_Sydney,10,2,0.0,195,30,1,0.5555555555555556,0.5,1.0,0.5,1,2,
FIJI,Match_43_Fiji_vs_USA,2017_Sydney,35,5,1.0,159,14,1,0.6,1.0,1.0,0.2,2,4,
USA,Match_43_Fiji_vs_USA,2017_Sydney,12,2,0.5,154,28,1,0.6666666666666666,,1.0,,1,4,
USA,Match_10_USA_vs_France,2017_Vancouver,31,5,0.6,230,38,2,0.8,1.0,1.0,0.25,3,1,
FRANCE,Match_10_USA_vs_France,2017_Vancouver,19,3,0.6666666666666666,161,29,1,0.6666666666666666,0.6666666666666666,,1.0,2,3,
USA,Match_18_USA_vs_Australia,2017_Vancouver,29,5,0.4,207,23,4,0.8,1.0,1.0,0.3333333333333333,4,3,
AUSTRALIA,Match_18_USA_vs_Australia,2017_Vancouver,5,1,0.0,269,43,3,0.8,,1.0,,3,2,
USA,Match_2_USA_vs_Japan,2017_Vancouver,52,8,0.75,379,72,1,1.0,1.0,1.0,0.8571428571428571,1,4,
JAPAN,Match_2_USA_vs_Japan,2017_Vancouver,,,,61,11,4,0.6666666666666666,,0.5,,5,2,
USA,Match_30_USA_vs_Argentina,2017_Vancouver,14,2,1.0,196,29,3,1.0,1.0,1.0,,4,6,1
ARGENTINA,Match_30_USA_vs_Argentina,2017_Vancouver,12,2,0.5,183,27,3,0.7142857142857143,,,,3,2,
SOUTH AFRICA,Match_39_South_Africa_vs_USA,2017_Vancouver,14,2,1.0,109,13,3,0.6666666666666666,,1.0,,6,2,
USA,Match_39_South_Africa_vs_USA,2017_Vancouver,10,2,0.0,291,58,,1.0,1.0,1.0,0.6666666666666666,2,3,
USA,Match_44_USA_vs_Fiji,2017_Vancouver,24,4,0.5,156,28,2,1.0,1.0,,0.25,2,2,
FIJI,Match_44_USA_vs_Fiji,2017_Vancouver,28,4,1.0,219,37,,0.8571428571428571,,1.0,0.25,1,,
USA,Match_15_USA_vs_Samoa,2017_Wellington,24,4,0.5,174,31,2,0.5,1.0,1.0,,3,3,
SAMOA,Match_15_USA_vs_Samoa,2017_Wellington,12,2,0.5,145,19,2,0.8333333333333334,1.0,1.0,,3,4,
NEW ZEALAND,Match_24_New_Zealand_vs_USA,2017_Wellington,24,4,0.5,268,48,1,0.75,1.0,1.0,0.5,3,3,1
USA,Match_24_New_Zealand_vs_USA,2017_Wellington,12,2,0.5,184,29,1,0.6666666666666666,,,,2,6,
USA,Match_26_USA_vs_Japan,2017_Wellington,19,3,0.6666666666666666,236,37,4,0.625,1.0,,,6,5,1
JAPAN,Match_26_USA_vs_Japan,2017_Wellington,14,2,1.0,220,27,4,0.4444444444444444,0.6666666666666666,1.0,,5,2,
KENYA,Match_35_Kenya_vs_USA,2017_Wellington,19,3,0.6666666666666666,217,27,4,0.8333333333333334,,1.0,,5,1,1
USA,Match_35_Kenya_vs_USA,2017_Wellington,12,2,0.5,244,42,3,1.0,0.5,,,4,4,
USA,Match_7_USA_vs_France,2017_Wellington,21,3,1.0,209,31,1,1.0,1.0,,0.5,1,9,
FRANCE,Match_7_USA_vs_France,2017_Wellington,21,3,1.0,180,24,1,0.8888888888888888,1.0,1.0,0.3333333333333333,1,1,
